title,provider,level,sector,duration_hours,description,prerequisites,job_roles,url
Certified Cloud Computing Executive,NCVET,4,IT-ITeS,120,Advanced cloud computing certification covering AWS, Azure, and GCP fundamentals,None,Cloud Engineer,Cloud Administrator,https://nsqf.gov.in/courses/certified-cloud-computing-executive
Certified Data Science Professional,NCVET,5,IT-ITeS,180,Comprehensive data science program covering Python, ML, statistics, and visualization,Basic programming knowledge,Data Scientist,Data Analyst,ML Engineer,https://nsqf.gov.in/courses/certified-data-science-professional
Certified Cybersecurity Analyst,NCVET,5,IT-ITeS,200,Industry-ready cybersecurity certification with hands-on threat analysis and incident response,Networking fundamentals,Security Analyst,Penetration Tester,SOC Analyst,https://nsqf.gov.in/courses/certified-cybersecurity-analyst
Certified Full Stack Developer,NCVET,4,IT-ITeS,160,Full stack web development covering React, Node.js, databases, and DevOps,None,Full Stack Developer,Web Developer,Frontend Developer,https://nsqf.gov.in/courses/certified-full-stack-developer
Certified AI and Machine Learning Engineer,NCVET,6,IT-ITeS,240,Advanced AI/ML certification covering deep learning, NLP, and computer vision,Python, Statistics,Full Stack ML Engineer,AI Research Scientist,MLOps Engineer,https://nsqf.gov.in/courses/certified-ai-ml-engineer
Certified Healthcare Documentation Specialist,NCVET,4,Healthcare,100,Medical coding and healthcare documentation as per international standards,Basic English,Medical Transcriptionist,Healthcare Documentation Specialist,https://nsqf.gov.in/courses/certified-healthcare-documentation
Certified Electronics Technician,NCVET,3,Electronics,80,Entry-level electronics certification covering circuit theory and troubleshooting,None,Electronics Technician,Repair Technician,https://nsqf.gov.in/courses/certified-electronics-technician
Certified Industrial Electrician,NCVET,4,Manufacturing,120,Industrial electrical systems certification with safety training,None,Industrial Electrician,Maintenance Electrician,https://nsqf.gov.in/courses/certified-industrial-electrician
Certified Retail Management Associate,NCVET,3,Retail,60,Retail operations, customer service, and inventory management,None,Retail Manager,Sales Associate,Store Manager,https://nsqf.gov.in/courses/certified-retail-management-associate
Certified Hospitality Executive,NCVET,5,Hospitality,150,Hotel management, guest services, and hospitality operations,None,Hotel Manager,Front Office Manager,Guest Relations Manager,https://nsqf.gov.in/courses/certified-hospitality-executive